./images/1.jpg , traffic , 57241247
./images/10.jpg , candle , 10193393
./images/100.jpg , library , 162076395
./images/1000.jpg , pier , 4057622
./images/1001.jpg , lakeside , 2036381
./images/1002.jpg , fireboat , 20949
./images/1003.jpg , stage , 52518330
./images/1004.jpg , shoji , 231018
./images/1005.jpg , seat , 29066336
./images/1006.jpg , mobile , 145490029
./images/1007.jpg , patio , 7627536
./images/1008.jpg , patio , 7627536
./images/1009.jpg , greenhouse , 5396539
./images/101.jpg , vault , 5408483
./images/1010.jpg , menu , 74359141
./images/1011.jpg , cheeseburger , 309113
./images/1012.jpg , restaurant , 48255033
./images/1013.jpg , restaurant , 48255033
./images/1014.jpg , plate , 24275560
./images/1015.jpg , plate , 24275560
./images/1016.jpg , plate , 24275560
./images/1017.jpg , pier , 4057622
./images/1018.jpg , corkscrew , 581475
./images/1019.jpg , bullet , 7440918
./images/102.jpg , library , 162076395
./images/1020.jpg , corkscrew , 581475
./images/1021.jpg , spotlight , 10022271
./images/1022.jpg , swing , 12734467
./images/1023.jpg , swing , 12734467
./images/1024.jpg , swing , 12734467
./images/1025.jpg , swing , 12734467
./images/1026.jpg , carousel , 1369112
./images/1027.jpg , swing , 12734467
./images/1028.jpg , corkscrew , 581475
./images/1029.jpg , horizontal , 10655275
./images/103.jpg , stage , 52518330
./images/1030.jpg , horizontal , 10655275
./images/1031.jpg , swing , 12734467
./images/1032.jpg , swing , 12734467
./images/1033.jpg , swing , 12734467
./images/1034.jpg , carousel , 1369112
./images/1035.jpg , radio , 113285624
./images/1036.jpg , horizontal , 10655275
./images/1037.jpg , swing , 12734467
./images/1038.jpg , swing , 12734467
./images/1039.jpg , swing , 12734467
./images/104.jpg , restaurant , 48255033
./images/1040.jpg , envelope , 7082265
./images/1041.jpg , baseball , 35068361
./images/1042.jpg , planetarium , 758569
./images/1043.jpg , planetarium , 758569
./images/1044.jpg , pedestal , 2006553
./images/1045.jpg , toyshop , 35622
./images/1046.jpg , desk , 32311444
./images/1048.jpg , monitor , 43848202
./images/105.jpg , slot , 21602762
./images/1050.jpg , scale , 46307526
./images/1051.jpg , dome , 5482989
./images/1052.jpg , horizontal , 10655275
./images/1053.jpg , window , 102711715
./images/1054.jpg , car , 264720374
./images/1055.jpg , lakeside , 2036381
./images/1056.jpg , lakeside , 2036381
./images/1057.jpg , pajama , 696776
./images/1058.jpg , balance , 41651718
./images/1059.jpg , schipperke , 102078
./images/106.jpg , torch , 3360286
./images/1060.jpg , stage , 52518330
./images/1061.jpg , gondola , 538006
./images/1062.jpg , neck , 17354931
./images/1063.jpg , slot , 21602762
./images/1064.jpg , upright , 3954150
./images/1065.jpg , jean , 22925412
./images/1066.jpg , moving , 51765877
./images/1067.jpg , car , 264720374
./images/1068.jpg , mosque , 1969984
./images/1069.jpg , restaurant , 48255033
./images/107.jpg , torch , 3360286
./images/1070.jpg , boathouse , 324233
./images/1071.jpg , boathouse , 324233
./images/1072.jpg , sandbar , 136849
./images/1073.jpg , swimming , 20456063
./images/1074.jpg , cliff , 5898886
./images/1075.jpg , cliff , 5898886
./images/1076.jpg , parachute , 1311422
./images/1077.jpg , dishwasher , 3525376
./images/1078.jpg , palace , 14592259
./images/1079.jpg , promontory , 276460
./images/108.jpg , theater , 30446816
./images/1080.jpg , pirate , 4308440
./images/1081.jpg , swimming , 20456063
./images/1082.jpg , abaya , 84401
./images/1083.jpg , mailbox , 4825513
./images/1085.jpg , mobile , 145490029
./images/1086.jpg , paintbrush , 249082
./images/1087.jpg , vault , 5408483
./images/1088.jpg , solar , 20423792
./images/1089.jpg , wreck , 2447935
./images/109.jpg , trench , 1709629
./images/1090.jpg , wreck , 2447935
./images/1091.jpg , colobus , 54191
./images/1092.jpg , wreck , 2447935
./images/1093.jpg , wreck , 2447935
./images/1094.jpg , thatch , 283678
./images/1097.jpg , tow , 2869301
./images/1099.jpg , wreck , 2447935
./images/11.jpg , candle , 10193393
./images/110.jpg , lampshade , 166259
./images/1100.jpg , patio , 7627536
./images/1101.jpg , sea , 61532852
./images/1102.jpg , lakeside , 2036381
./images/1103.jpg , tench , 96238
./images/1104.jpg , bubble , 8806043
./images/1105.jpg , traffic , 57241247
./images/1106.jpg , traffic , 57241247
./images/1107.jpg , volcano , 3076134
./images/1108.jpg , volcano , 3076134
./images/1109.jpg , gong , 2128445
./images/111.jpg , binder , 2683280
./images/1110.jpg , balloon , 6719614
./images/1111.jpg , lampshade , 166259
./images/1112.jpg , convertible , 5600483
./images/1113.jpg , sports , 231864260
./images/1114.jpg , vault , 5408483
./images/1115.jpg , envelope , 7082265
./images/1116.jpg , corkscrew , 581475
./images/1117.jpg , web , 619571575
./images/1118.jpg , ice , 41706145
./images/1119.jpg , theater , 30446816
./images/112.jpg , plate , 24275560
./images/1120.jpg , umbrella , 4227324
./images/1121.jpg , web , 619571575
./images/1122.jpg , candle , 10193393
./images/1123.jpg , candle , 10193393
./images/1124.jpg , candle , 10193393
./images/1125.jpg , seashore , 603064
./images/1126.jpg , pinwheel , 225356
./images/1127.jpg , envelope , 7082265
./images/1128.jpg , envelope , 7082265
./images/1129.jpg , warplane , 43421
./images/113.jpg , plate , 24275560
./images/1130.jpg , hook , 11359349
./images/1131.jpg , electric , 48562078
./images/1132.jpg , paddlewheel , 28777
./images/1133.jpg , paddlewheel , 28777
./images/1134.jpg , bolo , 313054
./images/1135.jpg , screen , 77183863
./images/1136.jpg , pinwheel , 225356
./images/1137.jpg , harp , 2548850
./images/1138.jpg , envelope , 7082265
./images/1139.jpg , analog , 12726931
./images/114.jpg , home , 1276852170
./images/1140.jpg , bannister , 399566
./images/1141.jpg , pinwheel , 225356
./images/1142.jpg , wing , 17347644
./images/1143.jpg , corkscrew , 581475
./images/1144.jpg , consomme , 24689
./images/1145.jpg , tile , 8509304
./images/1146.jpg , crane , 4888961
./images/1147.jpg , seashore , 603064
./images/1148.jpg , volcano , 3076134
./images/1149.jpg , stove , 3914849
./images/115.jpg , projector , 10182117
./images/1150.jpg , cocktail , 5061626
./images/1151.jpg , beer , 20486707
./images/1152.jpg , ashcan , 17521
./images/1153.jpg , restaurant , 48255033
./images/1154.jpg , groom , 2637912
./images/1155.jpg , groom , 2637912
./images/1156.jpg , gown , 2882930
./images/1157.jpg , wardrobe , 3627616
./images/1158.jpg , suit , 19820586
./images/1159.jpg , suit , 19820586
./images/116.jpg , seat , 29066336
./images/1161.jpg , wardrobe , 3627616
./images/1162.jpg , wardrobe , 3627616
./images/1163.jpg , wardrobe , 3627616
./images/1164.jpg , wardrobe , 3627616
./images/1165.jpg , groom , 2637912
./images/1166.jpg , corkscrew , 581475
./images/1167.jpg , steel , 49452604
./images/1168.jpg , bearskin , 64944
./images/1169.jpg , bannister , 399566
./images/117.jpg , academic , 54886061
./images/1171.jpg , gown , 2882930
./images/1172.jpg , groom , 2637912
./images/1173.jpg , fur , 6824491
./images/1175.jpg , abaya , 84401
./images/1176.jpg , mailbox , 4825513
./images/1177.jpg , hair , 60054650
./images/1178.jpg , cocktail , 5061626
./images/1179.jpg , cocktail , 5061626
./images/118.jpg , abaya , 84401
./images/1180.jpg , wig , 2151939
./images/1182.jpg , packet , 15160863
./images/1183.jpg , packet , 15160863
./images/1184.jpg , pot , 12927383
./images/1185.jpg , greenhouse , 5396539
./images/1186.jpg , pot , 12927383
./images/1187.jpg , triceratops , 89390
./images/1188.jpg , cornet , 469412
./images/1189.jpg , promontory , 276460
./images/1190.jpg , gar , 1008289
./images/1191.jpg , paddle , 2316636
./images/1193.jpg , paintbrush , 249082
./images/1194.jpg , fireboat , 20949
./images/1195.jpg , boathouse , 324233
./images/1197.jpg , face , 82807978
./images/1198.jpg , miniskirt , 254335
./images/1199.jpg , cloak , 1450056
./images/12.jpg , candle , 10193393
./images/120.jpg , spotlight , 10022271
./images/1200.jpg , candle , 10193393
./images/1202.jpg , sleeping , 11840656
./images/1203.jpg , corkscrew , 581475
./images/1204.jpg , cliff , 5898886
./images/1205.jpg , cliff , 5898886
./images/1206.jpg , cliff , 5898886
./images/1207.jpg , mobile , 145490029
./images/1208.jpg , cliff , 5898886
./images/1209.jpg , ashcan , 17521
./images/121.jpg , spotlight , 10022271
./images/1210.jpg , streetcar , 471936
./images/1211.jpg , street , 149130754
./images/1212.jpg , gas , 71518871
./images/1213.jpg , tobacco , 13574147
./images/1214.jpg , tobacco , 13574147
./images/1215.jpg , cheeseburger , 309113
./images/1216.jpg , window , 102711715
./images/1217.jpg , fur , 6824491
./images/1218.jpg , fur , 6824491
./images/1219.jpg , fur , 6824491
./images/122.jpg , television , 51304347
./images/1220.jpg , sunglass , 650136
./images/1222.jpg , palace , 14592259
./images/1223.jpg , seashore , 603064
./images/1224.jpg , sandbar , 136849
./images/1225.jpg , sandbar , 136849
./images/1226.jpg , sandbar , 136849
./images/1227.jpg , seashore , 603064
./images/1228.jpg , sandbar , 136849
./images/1229.jpg , suit , 19820586
./images/123.jpg , marimba , 309626
./images/1230.jpg , seashore , 603064
./images/1231.jpg , bonnet , 1111710
./images/1232.jpg , bonnet , 1111710
./images/1233.jpg , seashore , 603064
./images/1234.jpg , mortar , 2046739
./images/1235.jpg , mortar , 2046739
./images/1236.jpg , thatch , 283678
./images/1237.jpg , thatch , 283678
./images/1238.jpg , lakeside , 2036381
./images/1239.jpg , toilet , 9622554
./images/124.jpg , bobsled , 291423
./images/1240.jpg , alp , 981474
./images/1241.jpg , shoji , 231018
./images/1242.jpg , planetarium , 758569
./images/1243.jpg , shoji , 231018
./images/1244.jpg , prison , 15837188
./images/1245.jpg , horizontal , 10655275
./images/1246.jpg , planetarium , 758569
./images/1247.jpg , desk , 32311444
./images/1248.jpg , barrel , 6568339
./images/1249.jpg , prison , 15837188
./images/125.jpg , ice , 41706145
./images/1250.jpg , tobacco , 13574147
./images/1251.jpg , corkscrew , 581475
./images/1252.jpg , sunglass , 650136
./images/1253.jpg , car , 264720374
./images/1254.jpg , car , 264720374
./images/1255.jpg , sunglass , 650136
./images/1256.jpg , sunglasses , 10831524
./images/1257.jpg , sunglass , 650136
./images/1258.jpg , sunglass , 650136
./images/1259.jpg , sunglass , 650136
./images/126.jpg , lifeboat , 445941
./images/1260.jpg , sunglasses , 10831524
./images/1261.jpg , sunglasses , 10831524
./images/1262.jpg , lakeside , 2036381
./images/1263.jpg , flagpole , 270789
./images/1264.jpg , car , 264720374
./images/1265.jpg , car , 264720374
./images/1266.jpg , canoe , 3790795
./images/1267.jpg , lakeside , 2036381
./images/1268.jpg , bow , 9663748
./images/1269.jpg , sunglass , 650136
./images/127.jpg , pole , 9377429
./images/1270.jpg , bath , 30537308
./images/1271.jpg , planetarium , 758569
./images/1273.jpg , cello , 2358848
./images/1274.jpg , slot , 21602762
./images/1276.jpg , bath , 30537308
./images/1277.jpg , solar , 20423792
./images/1278.jpg , steel , 49452604
./images/1279.jpg , greenhouse , 5396539
./images/128.jpg , stretcher , 549362
./images/1280.jpg , greenhouse , 5396539
./images/1281.jpg , swing , 12734467
./images/1283.jpg , studio , 50913495
./images/1284.jpg , spotlight , 10022271
./images/1285.jpg , bubble , 8806043
./images/1287.jpg , desk , 32311444
./images/1288.jpg , home , 1276852170
./images/1289.jpg , projector , 10182117
./images/129.jpg , spotlight , 10022271
./images/1290.jpg , studio , 50913495
./images/1291.jpg , quill , 790160
./images/1292.jpg , quill , 790160
./images/1293.jpg , theater , 30446816
./images/1294.jpg , stage , 52518330
./images/1295.jpg , sandbar , 136849
./images/1296.jpg , umbrella , 4227324
./images/1297.jpg , spotlight , 10022271
./images/1298.jpg , theater , 30446816
./images/1299.jpg , abaya , 84401
./images/13.jpg , bannister , 399566
./images/130.jpg , pajama , 696776
./images/1300.jpg , cowboy , 6868615
./images/1301.jpg , crash , 15302627
./images/1302.jpg , plane , 17799728
./images/1303.jpg , spotlight , 10022271
./images/1304.jpg , trimaran , 52592
./images/1305.jpg , sunglass , 650136
./images/1306.jpg , kimono , 586714
./images/1307.jpg , suit , 19820586
./images/1308.jpg , whippet , 218392
./images/1309.jpg , window , 102711715
./images/131.jpg , balloon , 6719614
./images/1310.jpg , wig , 2151939
./images/1311.jpg , lampshade , 166259
./images/1312.jpg , corkscrew , 581475
./images/1313.jpg , crane , 4888961
./images/1315.jpg , pinwheel , 225356
./images/1317.jpg , book , 330959949
./images/1318.jpg , harmonica , 1169994
./images/1319.jpg , soccer , 28647229
./images/132.jpg , book , 330959949
./images/1320.jpg , television , 51304347
./images/1321.jpg , buckeye , 859329
./images/1322.jpg , mountain , 54170529
./images/1323.jpg , sunglass , 650136
./images/1324.jpg , vase , 4093494
./images/1325.jpg , beacon , 4190278
./images/1326.jpg , patio , 7627536
./images/1327.jpg , chainlink , 28909
./images/1328.jpg , seashore , 603064
./images/1329.jpg , theater , 30446816
./images/133.jpg , vault , 5408483
./images/1330.jpg , cinema , 18179389
./images/1331.jpg , stole , 2814273
./images/1332.jpg , oscilloscope , 535361
./images/1334.jpg , cinema , 18179389
./images/1336.jpg , butcher , 2253885
./images/1337.jpg , cucumber , 1909384
./images/1338.jpg , slot , 21602762
./images/134.jpg , spotlight , 10022271
./images/1340.jpg , dock , 6017754
./images/1341.jpg , measuring , 11432076
./images/1342.jpg , guillotine , 307824
./images/1343.jpg , rocking , 2968423
./images/1344.jpg , cliff , 5898886
./images/1345.jpg , tripod , 3633813
./images/1346.jpg , stage , 52518330
./images/1347.jpg , folding , 7182520
./images/1348.jpg , stage , 52518330
./images/1349.jpg , cinema , 18179389
./images/135.jpg , torch , 3360286
./images/1351.jpg , binoculars , 4487365
./images/1352.jpg , bassoon , 616967
./images/1353.jpg , spotlight , 10022271
./images/1354.jpg , minibus , 572625
./images/1355.jpg , lighter , 6287712
./images/1356.jpg , steel , 49452604
./images/1357.jpg , monastery , 2031139
./images/136.jpg , bearskin , 64944
./images/137.jpg , carousel , 1369112
./images/138.jpg , monitor , 43848202
./images/139.jpg , swing , 12734467
./images/14.jpg , lampshade , 166259
./images/140.jpg , crutch , 298836
./images/141.jpg , bell , 25283918
./images/142.jpg , bookshop , 3990603
./images/143.jpg , gondola , 538006
./images/144.jpg , bookshop , 3990603
./images/145.jpg , barn , 5952183
./images/146.jpg , palace , 14592259
./images/147.jpg , grand , 56599468
./images/148.jpg , boathouse , 324233
./images/149.jpg , daisy , 5124326
./images/15.jpg , speedboat , 141990
./images/151.jpg , volleyball , 7652654
./images/153.jpg , unicycle , 169446
./images/154.jpg , slot , 21602762
./images/155.jpg , tray , 7752079
./images/156.jpg , seat , 29066336
./images/157.jpg , comic , 16695850
./images/158.jpg , window , 102711715
./images/159.jpg , ground , 60679179
./images/16.jpg , speedboat , 141990
./images/160.jpg , restaurant , 48255033
./images/161.jpg , restaurant , 48255033
./images/162.jpg , bannister , 399566
./images/163.jpg , limousine , 4007578
./images/164.jpg , window , 102711715
./images/165.jpg , lynx , 3555424
./images/166.jpg , pool , 53046994
./images/168.jpg , pool , 53046994
./images/169.jpg , stage , 52518330
./images/17.jpg , speedboat , 141990
./images/170.jpg , torch , 3360286
./images/171.jpg , window , 102711715
./images/172.jpg , tank , 22070512
./images/173.jpg , submarine , 2766790
./images/174.jpg , stage , 52518330
./images/175.jpg , rubber , 17684157
./images/176.jpg , abaya , 84401
./images/177.jpg , toyshop , 35622
./images/178.jpg , street , 149130754
./images/179.jpg , matchstick , 174526
./images/18.jpg , hay , 5688403
./images/180.jpg , spotlight , 10022271
./images/181.jpg , torch , 3360286
./images/182.jpg , spotlight , 10022271
./images/183.jpg , unicycle , 169446
./images/184.jpg , corkscrew , 581475
./images/185.jpg , torch , 3360286
./images/186.jpg , theater , 30446816
./images/187.jpg , candle , 10193393
./images/189.jpg , television , 51304347
./images/19.jpg , hay , 5688403
./images/190.jpg , crane , 4888961
./images/191.jpg , seashore , 603064
./images/192.jpg , space , 121505269
./images/193.jpg , flute , 4090740
./images/194.jpg , cliff , 5898886
./images/195.jpg , promontory , 276460
./images/196.jpg , tripod , 3633813
./images/197.jpg , pier , 4057622
./images/198.jpg , radio , 113285624
./images/199.jpg , sandbar , 136849
./images/2.jpg , coil , 4997563
./images/20.jpg , gas , 71518871
./images/200.jpg , envelope , 7082265
./images/201.jpg , pole , 9377429
./images/202.jpg , moving , 51765877
./images/203.jpg , window , 102711715
./images/204.jpg , corkscrew , 581475
./images/205.jpg , restaurant , 48255033
./images/206.jpg , bell , 25283918
./images/207.jpg , cinema , 18179389
./images/208.jpg , cinema , 18179389
./images/209.jpg , cinema , 18179389
./images/21.jpg , bookcase , 1212892
./images/210.jpg , freight , 8453128
./images/211.jpg , schooner , 559495
./images/212.jpg , flagpole , 270789
./images/213.jpg , swing , 12734467
./images/214.jpg , dam , 9204248
./images/215.jpg , trailer , 18462738
./images/216.jpg , airship , 296641
./images/217.jpg , streetcar , 471936
./images/218.jpg , traffic , 57241247
./images/219.jpg , palace , 14592259
./images/22.jpg , slot , 21602762
./images/220.jpg , cinema , 18179389
./images/221.jpg , scoreboard , 3830219
./images/222.jpg , fire , 83845349
./images/223.jpg , corkscrew , 581475
./images/224.jpg , volcano , 3076134
./images/225.jpg , planetarium , 758569
./images/226.jpg , radio , 113285624
./images/227.jpg , screen , 77183863
./images/228.jpg , moving , 51765877
./images/229.jpg , fountain , 6932099
./images/23.jpg , slot , 21602762
./images/230.jpg , shower , 20638340
./images/231.jpg , prison , 15837188
./images/232.jpg , steel , 49452604
./images/233.jpg , steel , 49452604
./images/234.jpg , pier , 4057622
./images/235.jpg , seashore , 603064
./images/236.jpg , mosque , 1969984
./images/237.jpg , birdhouse , 492279
./images/238.jpg , pole , 9377429
./images/239.jpg , pole , 9377429
./images/24.jpg , slot , 21602762
./images/240.jpg , pole , 9377429
./images/241.jpg , car , 264720374
./images/242.jpg , water , 215178488
./images/243.jpg , worm , 5782079
./images/244.jpg , pier , 4057622
./images/245.jpg , prison , 15837188
./images/246.jpg , church , 84556943
./images/247.jpg , space , 121505269
./images/248.jpg , streetcar , 471936
./images/249.jpg , reel , 6687134
./images/25.jpg , limousine , 4007578
./images/250.jpg , pier , 4057622
./images/251.jpg , promontory , 276460
./images/252.jpg , fireboat , 20949
./images/253.jpg , breakwater , 307474
./images/254.jpg , hartebeest , 27245
./images/255.jpg , minivan , 979152
./images/256.jpg , promontory , 276460
./images/257.jpg , fireboat , 20949
./images/258.jpg , fireboat , 20949
./images/259.jpg , promontory , 276460
./images/26.jpg , spotlight , 10022271
./images/260.jpg , grey , 18276942
./images/261.jpg , lakeside , 2036381
./images/262.jpg , seashore , 603064
./images/263.jpg , lakeside , 2036381
./images/264.jpg , gar , 1008289
./images/265.jpg , breakwater , 307474
./images/266.jpg , breakwater , 307474
./images/267.jpg , breakwater , 307474
./images/268.jpg , pier , 4057622
./images/269.jpg , gas , 71518871
./images/27.jpg , miniskirt , 254335
./images/270.jpg , cowboy , 6868615
./images/271.jpg , beer , 20486707
./images/272.jpg , limousine , 4007578
./images/273.jpg , gondola , 538006
./images/274.jpg , crane , 4888961
./images/275.jpg , planetarium , 758569
./images/276.jpg , space , 121505269
./images/277.jpg , bow , 9663748
./images/278.jpg , killer , 10745688
./images/279.jpg , greenhouse , 5396539
./images/280.jpg , solar , 20423792
./images/281.jpg , planetarium , 758569
./images/282.jpg , planetarium , 758569
./images/283.jpg , balloon , 6719614
./images/284.jpg , planetarium , 758569
./images/285.jpg , airship , 296641
./images/286.jpg , planetarium , 758569
./images/287.jpg , balance , 41651718
./images/288.jpg , planetarium , 758569
./images/289.jpg , airship , 296641
./images/29.jpg , maraca , 24286
./images/290.jpg , bell , 25283918
./images/291.jpg , dome , 5482989
./images/292.jpg , pier , 4057622
./images/293.jpg , planetarium , 758569
./images/294.jpg , crane , 4888961
./images/295.jpg , grand , 56599468
./images/296.jpg , pier , 4057622
./images/297.jpg , planetarium , 758569
./images/298.jpg , lakeside , 2036381
./images/299.jpg , guillotine , 307824
./images/3.jpg , lakeside , 2036381
./images/30.jpg , maraca , 24286
./images/300.jpg , shoji , 231018
./images/301.jpg , prison , 15837188
./images/302.jpg , church , 84556943
./images/303.jpg , window , 102711715
./images/304.jpg , moving , 51765877
./images/305.jpg , church , 84556943
./images/306.jpg , window , 102711715
./images/307.jpg , trimaran , 52592
./images/308.jpg , corkscrew , 581475
./images/309.jpg , pedestal , 2006553
./images/31.jpg , lampshade , 166259
./images/311.jpg , pier , 4057622
./images/312.jpg , shoji , 231018
./images/313.jpg , bannister , 399566
./images/314.jpg , barbershop , 481271
./images/315.jpg , yurt , 120694
./images/316.jpg , cab , 9268943
./images/317.jpg , safe , 63168116
./images/318.jpg , book , 330959949
./images/319.jpg , plastic , 35421202
./images/32.jpg , spotlight , 10022271
./images/320.jpg , corkscrew , 581475
./images/323.jpg , streetcar , 471936
./images/324.jpg , greenhouse , 5396539
./images/325.jpg , gondola , 538006
./images/326.jpg , pier , 4057622
./images/327.jpg , seashore , 603064
./images/328.jpg , mobile , 145490029
./images/329.jpg , pier , 4057622
./images/33.jpg , racket , 997700
./images/330.jpg , seashore , 603064
./images/331.jpg , seashore , 603064
./images/332.jpg , seashore , 603064
./images/333.jpg , bubble , 8806043
./images/334.jpg , carton , 2028105
./images/335.jpg , steel , 49452604
./images/336.jpg , mailbox , 4825513
./images/337.jpg , pole , 9377429
./images/338.jpg , recreational , 9183129
./images/339.jpg , recreational , 9183129
./images/34.jpg , crane , 4888961
./images/340.jpg , freight , 8453128
./images/341.jpg , corkscrew , 581475
./images/342.jpg , freight , 8453128
./images/343.jpg , freight , 8453128
./images/344.jpg , freight , 8453128
./images/345.jpg , freight , 8453128
./images/346.jpg , jigsaw , 3237104
./images/347.jpg , jigsaw , 3237104
./images/348.jpg , library , 162076395
./images/349.jpg , handkerchief , 534356
./images/35.jpg , barn , 5952183
./images/350.jpg , grille , 1888919
./images/351.jpg , theater , 30446816
./images/352.jpg , theater , 30446816
./images/353.jpg , beacon , 4190278
./images/354.jpg , obelisk , 329988
./images/355.jpg , sports , 231864260
./images/356.jpg , cab , 9268943
./images/357.jpg , prison , 15837188
./images/358.jpg , prison , 15837188
./images/359.jpg , prison , 15837188
./images/360.jpg , prison , 15837188
./images/361.jpg , prison , 15837188
./images/362.jpg , radiator , 2850529
./images/363.jpg , radiator , 2850529
./images/364.jpg , radiator , 2850529
./images/365.jpg , radiator , 2850529
./images/366.jpg , radiator , 2850529
./images/367.jpg , pier , 4057622
./images/368.jpg , pole , 9377429
./images/369.jpg , cab , 9268943
./images/37.jpg , bathtub , 1353848
./images/370.jpg , seashore , 603064
./images/371.jpg , beach , 105642682
./images/372.jpg , fountain , 6932099
./images/373.jpg , school , 343057316
./images/374.jpg , toyshop , 35622
./images/375.jpg , organ , 9077449
./images/376.jpg , doormat , 198594
./images/377.jpg , soccer , 28647229
./images/378.jpg , pier , 4057622
./images/379.jpg , pier , 4057622
./images/38.jpg , power , 226596368
./images/380.jpg , pier , 4057622
./images/381.jpg , suspension , 13025162
./images/382.jpg , binoculars , 4487365
./images/383.jpg , chainlink , 28909
./images/384.jpg , window , 102711715
./images/385.jpg , stupa , 117550
./images/386.jpg , spotlight , 10022271
./images/387.jpg , boathouse , 324233
./images/388.jpg , corkscrew , 581475
./images/389.jpg , jean , 22925412
./images/39.jpg , toyshop , 35622
./images/390.jpg , corkscrew , 581475
./images/391.jpg , jersey , 48658750
./images/392.jpg , corkscrew , 581475
./images/393.jpg , stone , 42494931
./images/394.jpg , megalith , 163808
./images/395.jpg , traffic , 57241247
./images/396.jpg , photocopier , 341379
./images/398.jpg , tobacco , 13574147
./images/4.jpg , umbrella , 4227324
./images/40.jpg , bell , 25283918
./images/401.jpg , prison , 15837188
./images/402.jpg , street , 149130754
./images/403.jpg , balloon , 6719614
./images/404.jpg , digital , 202346767
./images/406.jpg , stage , 52518330
./images/407.jpg , drum , 14015510
./images/408.jpg , spotlight , 10022271
./images/409.jpg , stole , 2814273
./images/41.jpg , planetarium , 758569
./images/410.jpg , speedboat , 141990
./images/411.jpg , sunglass , 650136
./images/412.jpg , promontory , 276460
./images/413.jpg , cliff , 5898886
./images/414.jpg , analog , 12726931
./images/415.jpg , plow , 1128101
./images/416.jpg , monitor , 43848202
./images/418.jpg , sliding , 4064583
./images/419.jpg , magnetic , 19516958
./images/42.jpg , planetarium , 758569
./images/420.jpg , volcano , 3076134
./images/422.jpg , soap , 12485378
./images/423.jpg , bakery , 3947064
./images/424.jpg , window , 102711715
./images/425.jpg , valley , 61694845
./images/426.jpg , corkscrew , 581475
./images/427.jpg , greenhouse , 5396539
./images/429.jpg , ashcan , 17521
./images/43.jpg , crane , 4888961
./images/430.jpg , monastery , 2031139
./images/431.jpg , alp , 981474
./images/432.jpg , lakeside , 2036381
./images/433.jpg , bell , 25283918
./images/434.jpg , grand , 56599468
./images/435.jpg , wing , 17347644
./images/436.jpg , cardigan , 1332008
./images/437.jpg , book , 330959949
./images/438.jpg , ladle , 372653
./images/439.jpg , pole , 9377429
./images/440.jpg , pole , 9377429
./images/441.jpg , spotlight , 10022271
./images/442.jpg , spotlight , 10022271
